contact_id,name,email,job_title,industry,location,last_booking_date,booking_count_12m,avg_booking_price
C0001,Contact 1,contact1@example.com,Project Manager,Finance,Dortmund,2025-01-24,4,1100
C0002,Contact 2,contact2@example.com,Team Lead,Human Resources,Munich,2025-12-16,3,1290
C0003,Contact 3,contact3@example.com,Trainer,Finance,Frankfurt,2025-08-01,7,490
C0004,Contact 4,contact4@example.com,Supply Chain Manager,Manufacturing,Frankfurt,2024-12-08,7,490
C0005,Contact 5,contact5@example.com,L&D Manager,IT & Software,Dortmund,2026-01-29,10,1100
C0006,Contact 6,contact6@example.com,Supply Chain Manager,IT & Software,Munich,2025-05-09,4,1290
C0007,Contact 7,contact7@example.com,L&D Manager,Manufacturing,Frankfurt,2025-02-18,7,790
C0008,Contact 8,contact8@example.com,Team Lead,Pharma,Hamburg,2025-11-07,7,1100
C0009,Contact 9,contact9@example.com,HR Manager,Pharma,Dortmund,2025-04-27,3,890
C0010,Contact 10,contact10@example.com,Supply Chain Manager,Human Resources,Frankfurt,2026-02-13,5,1290
C0011,Contact 11,contact11@example.com,Project Manager,Manufacturing,Cologne,2026-03-25,5,790
C0012,Contact 12,contact12@example.com,Project Manager,Logistics,Munich,,0,0
C0013,Contact 13,contact13@example.com,Consultant,Pharma,Berlin,2025-09-06,2,490
C0014,Contact 14,contact14@example.com,Trainer,IT & Software,Hamburg,2025-03-08,6,490
C0015,Contact 15,contact15@example.com,Team Lead,Finance,Munich,2025-03-19,7,790
C0016,Contact 16,contact16@example.com,HR Manager,Pharma,Hamburg,2025-10-31,8,299
C0017,Contact 17,contact17@example.com,Director,Retail,Dortmund,,0,0
C0018,Contact 18,contact18@example.com,HR Business Partner,Finance,Hanover,2025-07-31,6,890
C0019,Contact 19,contact19@example.com,Consultant,Finance,Hamburg,2025-10-09,7,650
C0020,Contact 20,contact20@example.com,Supply Chain Manager,Management Consulting,Munich,2025-04-23,9,990
C0021,Contact 21,contact21@example.com,Consultant,Pharma,Hanover,2026-02-14,7,890
C0022,Contact 22,contact22@example.com,HR Business Partner,Finance,Cologne,2025-12-03,7,990
C0023,Contact 23,contact23@example.com,Team Lead,Pharma,Munich,2025-03-21,4,790
C0024,Contact 24,contact24@example.com,L&D Manager,Manufacturing,Berlin,2025-12-08,11,490
C0025,Contact 25,contact25@example.com,Project Manager,Finance,Hanover,2025-02-14,3,790
C0026,Contact 26,contact26@example.com,HR Manager,Logistics,Munich,2026-03-14,1,1100
C0027,Contact 27,contact27@example.com,Trainer,Manufacturing,Stuttgart,2025-05-26,9,650
C0028,Contact 28,contact28@example.com,Operations Manager,Finance,Hanover,2025-06-08,3,990
C0029,Contact 29,contact29@example.com,HR Business Partner,Pharma,Munich,2024-12-13,7,790
C0030,Contact 30,contact30@example.com,Consultant,IT & Software,Hanover,2026-05-29,10,299
C0031,Contact 31,contact31@example.com,HR Manager,IT & Software,Cologne,2025-06-17,11,890
C0032,Contact 32,contact32@example.com,HR Business Partner,Pharma,Cologne,2024-10-31,3,1100
C0033,Contact 33,contact33@example.com,Operations Manager,Logistics,Frankfurt,2025-09-09,4,890
C0034,Contact 34,contact34@example.com,Operations Manager,Retail,Berlin,2026-06-10,11,299
C0035,Contact 35,contact35@example.com,Team Lead,Pharma,Hanover,2025-04-15,4,650
C0036,Contact 36,contact36@example.com,Supply Chain Manager,Human Resources,Cologne,2024-12-26,10,790
C0037,Contact 37,contact37@example.com,Supply Chain Manager,Management Consulting,Dortmund,2025-05-07,7,1290
C0038,Contact 38,contact38@example.com,HR Business Partner,Logistics,Munich,2025-05-28,3,890
C0039,Contact 39,contact39@example.com,HR Business Partner,Management Consulting,Dortmund,2024-12-26,8,1100
C0040,Contact 40,contact40@example.com,Consultant,Manufacturing,Berlin,2024-08-04,5,990
C0041,Contact 41,contact41@example.com,Director,Logistics,Cologne,2024-10-06,11,490
C0042,Contact 42,contact42@example.com,Operations Manager,Logistics,Dortmund,2025-03-07,10,990
C0043,Contact 43,contact43@example.com,Project Manager,Automotive,Munich,2026-01-16,4,490
C0044,Contact 44,contact44@example.com,Project Manager,Management Consulting,Hamburg,2026-06-16,9,650
C0045,Contact 45,contact45@example.com,HR Manager,Automotive,Hanover,,0,0
C0046,Contact 46,contact46@example.com,Project Manager,Pharma,Cologne,2026-07-03,6,1100
C0047,Contact 47,contact47@example.com,HR Manager,Education & Training,Berlin,2025-04-28,8,650
C0048,Contact 48,contact48@example.com,Director,Logistics,Stuttgart,2025-03-05,4,990
C0049,Contact 49,contact49@example.com,Trainer,Pharma,Stuttgart,2025-11-23,6,490
C0050,Contact 50,contact50@example.com,Director,Management Consulting,Frankfurt,2026-05-27,5,1100
C0051,Contact 51,contact51@example.com,Director,Retail,Dortmund,2026-01-14,9,1290
C0052,Contact 52,contact52@example.com,L&D Manager,Logistics,Dortmund,2024-11-23,5,990
C0053,Contact 53,contact53@example.com,HR Business Partner,IT & Software,Dortmund,2025-03-27,4,890
C0054,Contact 54,contact54@example.com,Supply Chain Manager,Human Resources,Munich,2025-08-18,9,1100
C0055,Contact 55,contact55@example.com,HR Business Partner,Automotive,Berlin,2025-12-02,8,990
C0056,Contact 56,contact56@example.com,Operations Manager,IT & Software,Frankfurt,2024-09-13,5,790
C0057,Contact 57,contact57@example.com,HR Manager,IT & Software,Berlin,2025-11-10,8,1290
C0058,Contact 58,contact58@example.com,Team Lead,Manufacturing,Stuttgart,2026-04-30,9,990
C0059,Contact 59,contact59@example.com,HR Manager,Pharma,Munich,2024-08-03,4,990
C0060,Contact 60,contact60@example.com,Trainer,Automotive,Dortmund,2025-11-27,10,1290
C0061,Contact 61,contact61@example.com,Consultant,Management Consulting,Stuttgart,2025-09-03,11,650
C0062,Contact 62,contact62@example.com,Operations Manager,Pharma,Hanover,,0,0
C0063,Contact 63,contact63@example.com,Team Lead,IT & Software,Hanover,2026-06-10,5,990
C0064,Contact 64,contact64@example.com,HR Business Partner,Retail,Hanover,,0,0
C0065,Contact 65,contact65@example.com,Team Lead,Education & Training,Berlin,2024-07-18,5,1290
C0066,Contact 66,contact66@example.com,Operations Manager,IT & Software,Cologne,2026-05-31,1,299
C0067,Contact 67,contact67@example.com,Project Manager,Retail,Frankfurt,2025-03-27,4,1100
C0068,Contact 68,contact68@example.com,Director,Automotive,Stuttgart,2026-06-03,9,299
C0069,Contact 69,contact69@example.com,Director,Management Consulting,Frankfurt,2026-04-11,2,299
C0070,Contact 70,contact70@example.com,Consultant,Manufacturing,Munich,2025-11-27,7,650
C0071,Contact 71,contact71@example.com,Director,Education & Training,Stuttgart,2025-10-19,9,990
C0072,Contact 72,contact72@example.com,Operations Manager,Management Consulting,Hamburg,2026-07-14,11,1290
C0073,Contact 73,contact73@example.com,Director,Manufacturing,Stuttgart,,0,0
C0074,Contact 74,contact74@example.com,Trainer,Automotive,Hamburg,,0,0
C0075,Contact 75,contact75@example.com,L&D Manager,Automotive,Hamburg,2025-03-05,9,1100
C0076,Contact 76,contact76@example.com,Director,Automotive,Hanover,2025-11-02,1,650
C0077,Contact 77,contact77@example.com,HR Manager,Finance,Frankfurt,,0,0
C0078,Contact 78,contact78@example.com,HR Business Partner,Education & Training,Cologne,2025-10-22,10,1100
C0079,Contact 79,contact79@example.com,Trainer,Automotive,Stuttgart,2025-02-24,4,790
C0080,Contact 80,contact80@example.com,Operations Manager,Retail,Stuttgart,2025-03-21,8,890
C0081,Contact 81,contact81@example.com,Supply Chain Manager,IT & Software,Munich,2025-05-13,9,1100
C0082,Contact 82,contact82@example.com,HR Business Partner,Automotive,Hamburg,2025-09-20,3,890
C0083,Contact 83,contact83@example.com,Supply Chain Manager,Finance,Hanover,2026-02-22,7,299
C0084,Contact 84,contact84@example.com,Trainer,Pharma,Frankfurt,2025-11-26,2,890
C0085,Contact 85,contact85@example.com,Operations Manager,Retail,Munich,,0,0
C0086,Contact 86,contact86@example.com,L&D Manager,IT & Software,Hamburg,,0,0
C0087,Contact 87,contact87@example.com,Project Manager,Retail,Dortmund,2025-05-01,9,650
C0088,Contact 88,contact88@example.com,Team Lead,Finance,Dortmund,,0,0
C0089,Contact 89,contact89@example.com,L&D Manager,Retail,Munich,2025-02-13,11,990
C0090,Contact 90,contact90@example.com,Project Manager,Management Consulting,Berlin,,0,0
C0091,Contact 91,contact91@example.com,Project Manager,Human Resources,Hanover,2026-07-04,9,650
C0092,Contact 92,contact92@example.com,Trainer,Management Consulting,Hanover,,0,0
C0093,Contact 93,contact93@example.com,Project Manager,Finance,Berlin,2025-01-13,8,990
C0094,Contact 94,contact94@example.com,HR Manager,Human Resources,Munich,2024-11-17,11,490
C0095,Contact 95,contact95@example.com,Project Manager,Manufacturing,Dortmund,2025-05-05,10,299
C0096,Contact 96,contact96@example.com,Supply Chain Manager,Automotive,Frankfurt,2026-04-14,7,1290
C0097,Contact 97,contact97@example.com,Supply Chain Manager,Education & Training,Cologne,2024-08-24,10,299
C0098,Contact 98,contact98@example.com,Supply Chain Manager,Manufacturing,Stuttgart,2026-04-01,3,990
C0099,Contact 99,contact99@example.com,Director,Education & Training,Dortmund,2026-05-09,8,1290
C0100,Contact 100,contact100@example.com,HR Manager,Management Consulting,Stuttgart,2025-03-12,1,299
C0101,Contact 101,contact101@example.com,Trainer,Retail,Dortmund,2025-08-18,1,790
C0102,Contact 102,contact102@example.com,Project Manager,Manufacturing,Berlin,2025-11-27,4,1290
C0103,Contact 103,contact103@example.com,Director,Manufacturing,Frankfurt,2024-12-19,11,1100
C0104,Contact 104,contact104@example.com,Project Manager,Retail,Frankfurt,2024-12-04,11,299
C0105,Contact 105,contact105@example.com,Project Manager,Management Consulting,Berlin,2024-10-19,1,650
C0106,Contact 106,contact106@example.com,Trainer,Retail,Munich,,0,0
C0107,Contact 107,contact107@example.com,HR Manager,Manufacturing,Stuttgart,2025-02-10,11,890
C0108,Contact 108,contact108@example.com,Director,Manufacturing,Hanover,2024-07-26,1,1100
C0109,Contact 109,contact109@example.com,Director,IT & Software,Frankfurt,2026-01-15,8,650
C0110,Contact 110,contact110@example.com,Supply Chain Manager,Automotive,Cologne,2026-06-01,4,1290
C0111,Contact 111,contact111@example.com,Team Lead,Human Resources,Hanover,2025-05-08,4,650
C0112,Contact 112,contact112@example.com,HR Manager,Manufacturing,Munich,2024-09-22,8,650
C0113,Contact 113,contact113@example.com,Operations Manager,Retail,Hamburg,2025-06-04,9,650
C0114,Contact 114,contact114@example.com,HR Business Partner,Education & Training,Hanover,2025-11-10,5,990
C0115,Contact 115,contact115@example.com,Supply Chain Manager,Manufacturing,Cologne,2025-03-23,5,990
C0116,Contact 116,contact116@example.com,Supply Chain Manager,Manufacturing,Hanover,,0,0
C0117,Contact 117,contact117@example.com,L&D Manager,Management Consulting,Munich,2025-11-11,10,1100
C0118,Contact 118,contact118@example.com,HR Business Partner,Logistics,Stuttgart,2025-11-19,4,1100
C0119,Contact 119,contact119@example.com,Supply Chain Manager,IT & Software,Dortmund,2026-04-18,2,990
C0120,Contact 120,contact120@example.com,Supply Chain Manager,IT & Software,Cologne,2025-05-02,11,299
C0121,Contact 121,contact121@example.com,Project Manager,IT & Software,Stuttgart,2026-04-02,5,990
C0122,Contact 122,contact122@example.com,Consultant,Management Consulting,Berlin,2025-05-13,9,1290
C0123,Contact 123,contact123@example.com,Supply Chain Manager,Retail,Munich,2025-12-21,7,1100
C0124,Contact 124,contact124@example.com,HR Business Partner,Logistics,Berlin,2025-01-12,2,1100
C0125,Contact 125,contact125@example.com,Project Manager,Automotive,Dortmund,2025-10-23,1,790
C0126,Contact 126,contact126@example.com,L&D Manager,Manufacturing,Stuttgart,2024-09-11,4,790
C0127,Contact 127,contact127@example.com,Supply Chain Manager,Logistics,Stuttgart,2025-12-29,5,890
C0128,Contact 128,contact128@example.com,Team Lead,Finance,Stuttgart,,0,0
C0129,Contact 129,contact129@example.com,Operations Manager,Human Resources,Hanover,2025-01-16,4,990
C0130,Contact 130,contact130@example.com,HR Manager,Retail,Dortmund,2025-10-21,2,1290
C0131,Contact 131,contact131@example.com,Director,Finance,Cologne,2026-06-09,11,299
C0132,Contact 132,contact132@example.com,Team Lead,Manufacturing,Munich,2024-08-03,11,990
C0133,Contact 133,contact133@example.com,Team Lead,Automotive,Munich,2025-06-05,7,1100
C0134,Contact 134,contact134@example.com,Consultant,Education & Training,Frankfurt,2025-09-17,3,650
C0135,Contact 135,contact135@example.com,Consultant,Management Consulting,Berlin,2025-01-16,3,299
C0136,Contact 136,contact136@example.com,Consultant,Logistics,Dortmund,2024-07-26,4,650
C0137,Contact 137,contact137@example.com,Director,Management Consulting,Hanover,2025-04-28,2,490
C0138,Contact 138,contact138@example.com,Team Lead,Finance,Cologne,2026-04-03,10,299
C0139,Contact 139,contact139@example.com,Project Manager,Human Resources,Dortmund,2026-02-13,8,890
C0140,Contact 140,contact140@example.com,Consultant,IT & Software,Frankfurt,2025-12-01,1,790
C0141,Contact 141,contact141@example.com,Consultant,IT & Software,Munich,,0,0
C0142,Contact 142,contact142@example.com,Supply Chain Manager,Pharma,Munich,2025-08-12,10,790
C0143,Contact 143,contact143@example.com,Team Lead,Education & Training,Hanover,2025-03-06,1,490
C0144,Contact 144,contact144@example.com,Operations Manager,Human Resources,Dortmund,2024-07-22,11,790
C0145,Contact 145,contact145@example.com,Trainer,Education & Training,Berlin,2026-01-02,2,1290
C0146,Contact 146,contact146@example.com,Director,Human Resources,Hamburg,2024-12-18,8,890
C0147,Contact 147,contact147@example.com,Project Manager,IT & Software,Cologne,2025-06-27,9,299
C0148,Contact 148,contact148@example.com,Project Manager,Human Resources,Hamburg,2026-02-05,10,1100
C0149,Contact 149,contact149@example.com,Consultant,Education & Training,Hamburg,2024-08-07,10,490
C0150,Contact 150,contact150@example.com,HR Business Partner,Education & Training,Berlin,2026-04-27,5,890
C0151,Contact 151,contact151@example.com,Operations Manager,Education & Training,Frankfurt,2025-08-20,6,490
C0152,Contact 152,contact152@example.com,HR Manager,Education & Training,Frankfurt,2025-09-26,9,299
C0153,Contact 153,contact153@example.com,Director,Human Resources,Hamburg,2024-09-07,2,1100
C0154,Contact 154,contact154@example.com,HR Business Partner,Manufacturing,Hamburg,2026-05-17,5,1290
C0155,Contact 155,contact155@example.com,Team Lead,Retail,Dortmund,2026-01-31,3,650
C0156,Contact 156,contact156@example.com,Director,Retail,Dortmund,2024-08-28,6,1100
C0157,Contact 157,contact157@example.com,Consultant,Manufacturing,Hamburg,2024-09-24,4,650
C0158,Contact 158,contact158@example.com,Operations Manager,Automotive,Hamburg,2025-09-05,5,1100
C0159,Contact 159,contact159@example.com,L&D Manager,Management Consulting,Stuttgart,2024-12-11,7,299
C0160,Contact 160,contact160@example.com,Project Manager,Human Resources,Frankfurt,2025-01-23,11,990
C0161,Contact 161,contact161@example.com,Consultant,IT & Software,Dortmund,2024-11-30,2,490
C0162,Contact 162,contact162@example.com,HR Manager,Management Consulting,Munich,2026-01-01,3,890
C0163,Contact 163,contact163@example.com,Director,Logistics,Cologne,2026-03-02,8,650
C0164,Contact 164,contact164@example.com,Supply Chain Manager,Pharma,Cologne,2024-10-29,10,650
C0165,Contact 165,contact165@example.com,HR Business Partner,Human Resources,Berlin,2026-05-04,7,990
C0166,Contact 166,contact166@example.com,Consultant,Management Consulting,Hanover,2025-02-18,4,890
C0167,Contact 167,contact167@example.com,Consultant,Human Resources,Stuttgart,2025-01-29,1,890
C0168,Contact 168,contact168@example.com,Director,Finance,Stuttgart,2025-01-18,9,299
C0169,Contact 169,contact169@example.com,HR Manager,Automotive,Cologne,2025-07-12,1,650
C0170,Contact 170,contact170@example.com,Operations Manager,Automotive,Berlin,2024-09-13,6,650
C0171,Contact 171,contact171@example.com,Operations Manager,Human Resources,Dortmund,,0,0
C0172,Contact 172,contact172@example.com,HR Business Partner,IT & Software,Cologne,2026-04-22,2,1290
C0173,Contact 173,contact173@example.com,Supply Chain Manager,Manufacturing,Hamburg,2025-06-09,4,650
C0174,Contact 174,contact174@example.com,HR Manager,Manufacturing,Munich,,0,0
C0175,Contact 175,contact175@example.com,Team Lead,Education & Training,Berlin,,0,0
C0176,Contact 176,contact176@example.com,Trainer,Logistics,Frankfurt,2024-09-08,2,1290
C0177,Contact 177,contact177@example.com,HR Manager,Logistics,Cologne,2026-02-09,6,490
C0178,Contact 178,contact178@example.com,Supply Chain Manager,Education & Training,Munich,2026-01-23,3,299
C0179,Contact 179,contact179@example.com,Director,Pharma,Berlin,2026-04-19,6,890
C0180,Contact 180,contact180@example.com,L&D Manager,Pharma,Stuttgart,2025-07-04,3,790
C0181,Contact 181,contact181@example.com,Project Manager,Retail,Cologne,2025-06-04,5,890
C0182,Contact 182,contact182@example.com,Project Manager,Pharma,Frankfurt,2026-04-13,4,1290
C0183,Contact 183,contact183@example.com,L&D Manager,Manufacturing,Berlin,2025-09-08,9,650
C0184,Contact 184,contact184@example.com,Director,Manufacturing,Frankfurt,2025-06-18,10,1100
C0185,Contact 185,contact185@example.com,Supply Chain Manager,Pharma,Munich,2026-02-20,10,299
C0186,Contact 186,contact186@example.com,HR Manager,Human Resources,Berlin,2024-10-23,7,299
C0187,Contact 187,contact187@example.com,Team Lead,Finance,Dortmund,2026-01-22,5,790
C0188,Contact 188,contact188@example.com,Director,Retail,Frankfurt,,0,0
C0189,Contact 189,contact189@example.com,Director,Human Resources,Hamburg,2024-08-30,7,890
C0190,Contact 190,contact190@example.com,Consultant,Retail,Frankfurt,,0,0
C0191,Contact 191,contact191@example.com,Team Lead,Retail,Munich,2024-10-19,8,990
C0192,Contact 192,contact192@example.com,Team Lead,Manufacturing,Hanover,2025-11-02,11,299
C0193,Contact 193,contact193@example.com,Team Lead,Education & Training,Cologne,2025-01-06,7,650
C0194,Contact 194,contact194@example.com,Supply Chain Manager,Automotive,Hamburg,2025-08-17,5,490
C0195,Contact 195,contact195@example.com,HR Business Partner,Retail,Dortmund,2024-11-21,5,890
C0196,Contact 196,contact196@example.com,HR Business Partner,IT & Software,Cologne,2026-04-17,1,1100
C0197,Contact 197,contact197@example.com,Trainer,Human Resources,Hamburg,2026-06-24,10,1100
C0198,Contact 198,contact198@example.com,Trainer,IT & Software,Berlin,2025-07-04,11,990
C0199,Contact 199,contact199@example.com,Consultant,Finance,Cologne,2025-06-28,9,890
C0200,Contact 200,contact200@example.com,Trainer,Pharma,Berlin,2026-06-13,6,1290
C0201,Contact 201,contact201@example.com,HR Business Partner,Human Resources,Frankfurt,2026-07-05,6,990
C0202,Contact 202,contact202@example.com,Consultant,Retail,Munich,2025-01-11,3,1290
C0203,Contact 203,contact203@example.com,HR Business Partner,Automotive,Cologne,,0,0
C0204,Contact 204,contact204@example.com,Consultant,Manufacturing,Hanover,,0,0
C0205,Contact 205,contact205@example.com,HR Business Partner,Retail,Munich,2025-02-18,4,650
C0206,Contact 206,contact206@example.com,Supply Chain Manager,Manufacturing,Cologne,2025-10-30,9,1100
C0207,Contact 207,contact207@example.com,HR Business Partner,IT & Software,Frankfurt,2025-10-01,2,299
C0208,Contact 208,contact208@example.com,HR Business Partner,Education & Training,Munich,2026-02-11,9,1290
C0209,Contact 209,contact209@example.com,HR Business Partner,Manufacturing,Cologne,2025-08-09,2,1290
C0210,Contact 210,contact210@example.com,Supply Chain Manager,Logistics,Hamburg,2025-08-01,7,790
C0211,Contact 211,contact211@example.com,Trainer,IT & Software,Munich,2024-07-26,9,990
C0212,Contact 212,contact212@example.com,Director,Management Consulting,Cologne,2024-11-07,1,650
C0213,Contact 213,contact213@example.com,Project Manager,Finance,Cologne,2025-01-07,4,1290
C0214,Contact 214,contact214@example.com,Operations Manager,IT & Software,Hamburg,2025-05-14,6,490
C0215,Contact 215,contact215@example.com,HR Business Partner,Retail,Dortmund,2025-12-27,4,1290
C0216,Contact 216,contact216@example.com,Project Manager,Human Resources,Frankfurt,2025-06-29,3,790
C0217,Contact 217,contact217@example.com,HR Business Partner,Retail,Dortmund,2025-12-21,3,1100
C0218,Contact 218,contact218@example.com,Project Manager,Education & Training,Dortmund,2024-11-21,4,990
C0219,Contact 219,contact219@example.com,L&D Manager,Finance,Stuttgart,2025-01-19,7,650
C0220,Contact 220,contact220@example.com,Operations Manager,IT & Software,Frankfurt,2025-11-09,9,790
C0221,Contact 221,contact221@example.com,Operations Manager,Finance,Dortmund,2025-08-07,8,790
C0222,Contact 222,contact222@example.com,Supply Chain Manager,IT & Software,Frankfurt,2025-06-08,2,790
C0223,Contact 223,contact223@example.com,Consultant,Education & Training,Stuttgart,2025-02-01,5,890
C0224,Contact 224,contact224@example.com,L&D Manager,IT & Software,Dortmund,2025-02-14,1,490
C0225,Contact 225,contact225@example.com,Team Lead,Pharma,Stuttgart,2024-11-09,11,1100
C0226,Contact 226,contact226@example.com,Consultant,Logistics,Frankfurt,2025-02-15,10,1100
C0227,Contact 227,contact227@example.com,Team Lead,Education & Training,Frankfurt,2025-11-09,5,1290
C0228,Contact 228,contact228@example.com,Project Manager,Education & Training,Hamburg,,0,0
C0229,Contact 229,contact229@example.com,L&D Manager,Education & Training,Stuttgart,2025-07-16,10,299
C0230,Contact 230,contact230@example.com,Operations Manager,Automotive,Dortmund,2026-04-06,5,890
C0231,Contact 231,contact231@example.com,L&D Manager,Human Resources,Hamburg,,0,0
C0232,Contact 232,contact232@example.com,HR Manager,IT & Software,Dortmund,2024-12-25,4,650
C0233,Contact 233,contact233@example.com,Trainer,Retail,Berlin,,0,0
C0234,Contact 234,contact234@example.com,HR Business Partner,Education & Training,Frankfurt,2025-08-18,6,790
C0235,Contact 235,contact235@example.com,Project Manager,Manufacturing,Berlin,2025-07-28,1,1290
C0236,Contact 236,contact236@example.com,L&D Manager,Retail,Stuttgart,2025-09-14,6,790
C0237,Contact 237,contact237@example.com,Consultant,Education & Training,Cologne,2024-12-25,6,1100
C0238,Contact 238,contact238@example.com,L&D Manager,Education & Training,Hamburg,2025-12-08,4,299
C0239,Contact 239,contact239@example.com,HR Business Partner,Education & Training,Dortmund,2025-09-16,10,1290
C0240,Contact 240,contact240@example.com,Project Manager,IT & Software,Berlin,2025-03-03,9,650
C0241,Contact 241,contact241@example.com,Supply Chain Manager,IT & Software,Hanover,2024-07-16,11,1290
C0242,Contact 242,contact242@example.com,Supply Chain Manager,Manufacturing,Hanover,2024-09-22,2,890
C0243,Contact 243,contact243@example.com,HR Business Partner,Finance,Dortmund,2024-07-31,4,490
C0244,Contact 244,contact244@example.com,Director,Management Consulting,Hamburg,2026-06-08,1,890
C0245,Contact 245,contact245@example.com,Team Lead,Automotive,Berlin,2024-07-23,1,990
C0246,Contact 246,contact246@example.com,Director,Finance,Munich,2025-09-07,1,1100
C0247,Contact 247,contact247@example.com,Supply Chain Manager,Finance,Stuttgart,2025-12-01,1,299
C0248,Contact 248,contact248@example.com,Trainer,Education & Training,Hamburg,2024-12-03,6,1100
C0249,Contact 249,contact249@example.com,L&D Manager,Human Resources,Dortmund,2025-06-04,5,299
C0250,Contact 250,contact250@example.com,Director,Logistics,Hamburg,2024-12-15,3,990
C0251,Contact 251,contact251@example.com,Consultant,Logistics,Stuttgart,2026-06-13,5,890
C0252,Contact 252,contact252@example.com,HR Business Partner,Human Resources,Cologne,2024-08-03,3,890
C0253,Contact 253,contact253@example.com,Operations Manager,Pharma,Berlin,2026-07-15,4,990
C0254,Contact 254,contact254@example.com,Director,Manufacturing,Hamburg,2025-08-08,2,1100
C0255,Contact 255,contact255@example.com,Consultant,IT & Software,Hamburg,2026-03-18,9,990
C0256,Contact 256,contact256@example.com,L&D Manager,Logistics,Hanover,2026-05-24,7,650
C0257,Contact 257,contact257@example.com,Consultant,Logistics,Frankfurt,2024-10-22,8,1290
C0258,Contact 258,contact258@example.com,HR Manager,Management Consulting,Dortmund,2025-08-26,8,1290
C0259,Contact 259,contact259@example.com,Trainer,Retail,Hanover,2024-10-29,3,299
C0260,Contact 260,contact260@example.com,Team Lead,Human Resources,Dortmund,2025-08-16,6,299
C0261,Contact 261,contact261@example.com,HR Business Partner,Manufacturing,Hanover,2025-07-21,2,890
C0262,Contact 262,contact262@example.com,Team Lead,Automotive,Hamburg,2026-06-16,2,990
C0263,Contact 263,contact263@example.com,Project Manager,Management Consulting,Munich,2026-01-04,8,990
C0264,Contact 264,contact264@example.com,Team Lead,Retail,Frankfurt,2026-03-30,3,1290
C0265,Contact 265,contact265@example.com,Project Manager,Human Resources,Hamburg,2024-07-26,10,890
C0266,Contact 266,contact266@example.com,HR Manager,Pharma,Cologne,2025-11-19,5,790
C0267,Contact 267,contact267@example.com,Consultant,Management Consulting,Dortmund,2025-04-13,8,790
C0268,Contact 268,contact268@example.com,Team Lead,IT & Software,Munich,,0,0
C0269,Contact 269,contact269@example.com,Director,Education & Training,Hamburg,2026-07-10,5,299
C0270,Contact 270,contact270@example.com,Consultant,Logistics,Hamburg,2024-09-20,1,1290
C0271,Contact 271,contact271@example.com,HR Manager,Pharma,Frankfurt,2026-05-24,2,299
C0272,Contact 272,contact272@example.com,Consultant,Manufacturing,Hanover,2024-08-03,2,890
C0273,Contact 273,contact273@example.com,Operations Manager,Education & Training,Hamburg,2024-12-09,5,790
C0274,Contact 274,contact274@example.com,Director,Retail,Hamburg,2026-01-08,2,490
C0275,Contact 275,contact275@example.com,Supply Chain Manager,Manufacturing,Frankfurt,2025-07-28,3,650
C0276,Contact 276,contact276@example.com,Consultant,Logistics,Frankfurt,2026-01-27,9,890
C0277,Contact 277,contact277@example.com,Supply Chain Manager,Human Resources,Hanover,2025-10-27,10,1100
C0278,Contact 278,contact278@example.com,Team Lead,Logistics,Cologne,2024-12-01,3,299
C0279,Contact 279,contact279@example.com,L&D Manager,Automotive,Stuttgart,2025-05-30,4,299
C0280,Contact 280,contact280@example.com,HR Business Partner,Automotive,Frankfurt,2025-01-29,1,650
C0281,Contact 281,contact281@example.com,L&D Manager,Finance,Stuttgart,2026-04-29,11,299
C0282,Contact 282,contact282@example.com,Supply Chain Manager,Logistics,Frankfurt,2026-02-26,5,299
C0283,Contact 283,contact283@example.com,Director,Education & Training,Munich,2024-10-21,10,490
C0284,Contact 284,contact284@example.com,HR Business Partner,Automotive,Hamburg,2026-06-14,1,790
C0285,Contact 285,contact285@example.com,Supply Chain Manager,Education & Training,Hamburg,2025-10-23,4,990
C0286,Contact 286,contact286@example.com,Supply Chain Manager,Retail,Cologne,2025-12-24,2,1100
C0287,Contact 287,contact287@example.com,Team Lead,Education & Training,Hanover,2026-03-16,9,490
C0288,Contact 288,contact288@example.com,Project Manager,Pharma,Hamburg,2024-08-11,2,490
C0289,Contact 289,contact289@example.com,L&D Manager,Retail,Frankfurt,2024-10-30,5,790
C0290,Contact 290,contact290@example.com,Project Manager,Pharma,Dortmund,2026-05-26,6,1100
C0291,Contact 291,contact291@example.com,Supply Chain Manager,Human Resources,Frankfurt,2026-03-17,6,490
C0292,Contact 292,contact292@example.com,Project Manager,Pharma,Dortmund,2025-06-10,6,299
C0293,Contact 293,contact293@example.com,HR Manager,Human Resources,Berlin,2025-05-18,5,890
C0294,Contact 294,contact294@example.com,HR Business Partner,Logistics,Stuttgart,2026-03-13,4,650
C0295,Contact 295,contact295@example.com,Team Lead,IT & Software,Berlin,2025-06-22,6,1100
C0296,Contact 296,contact296@example.com,Supply Chain Manager,Finance,Berlin,2024-12-29,1,299
C0297,Contact 297,contact297@example.com,HR Business Partner,Manufacturing,Frankfurt,2024-08-25,8,1100
C0298,Contact 298,contact298@example.com,L&D Manager,Education & Training,Stuttgart,2026-06-29,10,490
C0299,Contact 299,contact299@example.com,HR Business Partner,Finance,Berlin,,0,0
C0300,Contact 300,contact300@example.com,HR Manager,IT & Software,Munich,2024-10-26,7,790
C0301,Contact 301,contact301@example.com,Team Lead,Education & Training,Stuttgart,2024-09-24,10,650
C0302,Contact 302,contact302@example.com,Team Lead,Logistics,Hamburg,2025-04-30,2,299
C0303,Contact 303,contact303@example.com,Operations Manager,Logistics,Cologne,2025-02-06,9,990
C0304,Contact 304,contact304@example.com,Team Lead,Logistics,Frankfurt,2026-01-22,5,790
C0305,Contact 305,contact305@example.com,Supply Chain Manager,Retail,Stuttgart,2025-10-17,2,650
C0306,Contact 306,contact306@example.com,HR Business Partner,Manufacturing,Hamburg,2025-06-07,10,650
C0307,Contact 307,contact307@example.com,Operations Manager,Finance,Hanover,2025-03-11,5,490
C0308,Contact 308,contact308@example.com,L&D Manager,Human Resources,Hamburg,,0,0
C0309,Contact 309,contact309@example.com,HR Manager,Logistics,Dortmund,2025-01-17,8,1290
C0310,Contact 310,contact310@example.com,HR Business Partner,Human Resources,Munich,,0,0
C0311,Contact 311,contact311@example.com,Consultant,Human Resources,Hamburg,2024-10-19,5,1290
C0312,Contact 312,contact312@example.com,Trainer,IT & Software,Stuttgart,2025-05-06,11,490
C0313,Contact 313,contact313@example.com,Consultant,Finance,Stuttgart,,0,0
C0314,Contact 314,contact314@example.com,HR Manager,Pharma,Cologne,2025-02-28,2,490
C0315,Contact 315,contact315@example.com,Consultant,Finance,Cologne,2024-10-12,8,1100
C0316,Contact 316,contact316@example.com,Trainer,Human Resources,Munich,2025-11-15,2,1290
C0317,Contact 317,contact317@example.com,Supply Chain Manager,Human Resources,Munich,2025-12-12,9,299
C0318,Contact 318,contact318@example.com,HR Business Partner,Retail,Dortmund,2025-09-17,4,890
C0319,Contact 319,contact319@example.com,L&D Manager,Education & Training,Hanover,2026-04-26,4,990
C0320,Contact 320,contact320@example.com,HR Business Partner,Management Consulting,Berlin,2024-09-04,4,990
C0321,Contact 321,contact321@example.com,Consultant,Human Resources,Berlin,2025-12-09,1,299
C0322,Contact 322,contact322@example.com,Supply Chain Manager,Pharma,Stuttgart,2024-10-14,10,990
C0323,Contact 323,contact323@example.com,HR Business Partner,Finance,Stuttgart,2025-09-23,11,790
C0324,Contact 324,contact324@example.com,Team Lead,Pharma,Hamburg,2025-09-08,1,299
C0325,Contact 325,contact325@example.com,Project Manager,Logistics,Hamburg,2025-05-19,10,490
C0326,Contact 326,contact326@example.com,Team Lead,Logistics,Frankfurt,2025-03-26,3,650
C0327,Contact 327,contact327@example.com,Director,Retail,Stuttgart,,0,0
C0328,Contact 328,contact328@example.com,L&D Manager,Management Consulting,Munich,2025-05-13,1,650
C0329,Contact 329,contact329@example.com,Consultant,IT & Software,Munich,2025-01-01,10,299
C0330,Contact 330,contact330@example.com,Team Lead,Automotive,Dortmund,2026-02-06,2,490
C0331,Contact 331,contact331@example.com,HR Business Partner,Retail,Berlin,2025-02-25,9,890
C0332,Contact 332,contact332@example.com,Project Manager,Automotive,Dortmund,2025-01-18,6,1290
C0333,Contact 333,contact333@example.com,Trainer,Retail,Hamburg,2025-07-23,10,990
C0334,Contact 334,contact334@example.com,Team Lead,Manufacturing,Cologne,2025-05-19,10,490
C0335,Contact 335,contact335@example.com,Consultant,Education & Training,Cologne,,0,0
C0336,Contact 336,contact336@example.com,Consultant,Finance,Cologne,2024-11-14,7,1290
C0337,Contact 337,contact337@example.com,HR Business Partner,Automotive,Hamburg,,0,0
C0338,Contact 338,contact338@example.com,Supply Chain Manager,Management Consulting,Hamburg,2026-02-07,11,790
C0339,Contact 339,contact339@example.com,Consultant,Management Consulting,Hamburg,2025-11-07,3,299
C0340,Contact 340,contact340@example.com,Team Lead,Finance,Dortmund,2026-01-04,4,790
C0341,Contact 341,contact341@example.com,Supply Chain Manager,Education & Training,Hamburg,2025-02-28,8,650
C0342,Contact 342,contact342@example.com,HR Business Partner,IT & Software,Frankfurt,2026-02-03,6,299
C0343,Contact 343,contact343@example.com,HR Manager,IT & Software,Hanover,2024-12-03,1,990
C0344,Contact 344,contact344@example.com,HR Business Partner,Automotive,Stuttgart,2026-06-17,6,890
C0345,Contact 345,contact345@example.com,Consultant,Human Resources,Hamburg,2026-01-06,9,1290
C0346,Contact 346,contact346@example.com,HR Manager,IT & Software,Hamburg,2024-09-26,4,1290
C0347,Contact 347,contact347@example.com,Trainer,Pharma,Hamburg,2025-08-11,6,1290
C0348,Contact 348,contact348@example.com,Operations Manager,IT & Software,Berlin,2025-02-04,7,299
C0349,Contact 349,contact349@example.com,Trainer,Retail,Cologne,2026-03-02,1,990
C0350,Contact 350,contact350@example.com,Team Lead,Human Resources,Stuttgart,2025-11-15,7,790
C0351,Contact 351,contact351@example.com,HR Manager,Automotive,Stuttgart,,0,0
C0352,Contact 352,contact352@example.com,Project Manager,Finance,Frankfurt,,0,0
C0353,Contact 353,contact353@example.com,Consultant,Automotive,Frankfurt,2026-02-07,5,490
C0354,Contact 354,contact354@example.com,Supply Chain Manager,Pharma,Frankfurt,2025-01-04,9,299
C0355,Contact 355,contact355@example.com,L&D Manager,Finance,Stuttgart,,0,0
C0356,Contact 356,contact356@example.com,Trainer,Management Consulting,Cologne,2024-10-12,9,890
C0357,Contact 357,contact357@example.com,Supply Chain Manager,IT & Software,Frankfurt,,0,0
C0358,Contact 358,contact358@example.com,Director,Retail,Hanover,2025-12-09,10,490
C0359,Contact 359,contact359@example.com,L&D Manager,IT & Software,Munich,2026-06-26,3,990
C0360,Contact 360,contact360@example.com,Director,Logistics,Berlin,2025-03-22,2,299
C0361,Contact 361,contact361@example.com,Team Lead,Manufacturing,Berlin,2026-06-14,6,790
C0362,Contact 362,contact362@example.com,Consultant,Logistics,Dortmund,2026-06-24,6,1290
C0363,Contact 363,contact363@example.com,Consultant,Education & Training,Dortmund,2026-07-14,11,1100
C0364,Contact 364,contact364@example.com,Consultant,Human Resources,Stuttgart,2025-05-02,2,790
C0365,Contact 365,contact365@example.com,L&D Manager,Logistics,Frankfurt,2024-10-19,10,490
C0366,Contact 366,contact366@example.com,Supply Chain Manager,Finance,Dortmund,2025-10-22,6,1100
C0367,Contact 367,contact367@example.com,Supply Chain Manager,Logistics,Frankfurt,2024-10-24,9,1100
C0368,Contact 368,contact368@example.com,Project Manager,Logistics,Dortmund,2025-08-30,7,990
C0369,Contact 369,contact369@example.com,Team Lead,IT & Software,Dortmund,2026-01-23,10,299
C0370,Contact 370,contact370@example.com,Operations Manager,Pharma,Hanover,2025-12-10,8,1290
C0371,Contact 371,contact371@example.com,Project Manager,Management Consulting,Frankfurt,2026-04-18,9,1100
C0372,Contact 372,contact372@example.com,Director,Human Resources,Berlin,2025-08-14,9,650
C0373,Contact 373,contact373@example.com,Team Lead,Logistics,Stuttgart,2026-05-02,1,1290
C0374,Contact 374,contact374@example.com,Project Manager,Manufacturing,Berlin,2025-09-14,10,790
C0375,Contact 375,contact375@example.com,Consultant,Finance,Berlin,2026-06-16,1,1290
C0376,Contact 376,contact376@example.com,Project Manager,Manufacturing,Munich,2025-11-03,8,790
C0377,Contact 377,contact377@example.com,L&D Manager,IT & Software,Hanover,,0,0
C0378,Contact 378,contact378@example.com,Consultant,Automotive,Berlin,2025-04-15,9,1290
C0379,Contact 379,contact379@example.com,HR Business Partner,Human Resources,Stuttgart,2025-05-05,4,1100
C0380,Contact 380,contact380@example.com,Trainer,Human Resources,Dortmund,,0,0
C0381,Contact 381,contact381@example.com,Trainer,IT & Software,Berlin,2025-08-17,5,1100
C0382,Contact 382,contact382@example.com,Trainer,Automotive,Dortmund,2024-12-19,1,490
C0383,Contact 383,contact383@example.com,Supply Chain Manager,Pharma,Hanover,2025-05-23,5,299
C0384,Contact 384,contact384@example.com,Trainer,Management Consulting,Hamburg,2026-04-26,5,790
C0385,Contact 385,contact385@example.com,L&D Manager,Human Resources,Berlin,2025-01-23,4,990
C0386,Contact 386,contact386@example.com,Operations Manager,Logistics,Munich,2025-05-17,1,990
C0387,Contact 387,contact387@example.com,Supply Chain Manager,Management Consulting,Hamburg,2024-07-23,4,490
C0388,Contact 388,contact388@example.com,Director,Human Resources,Frankfurt,2024-08-11,3,1100
C0389,Contact 389,contact389@example.com,Team Lead,Finance,Dortmund,2024-12-31,3,1100
C0390,Contact 390,contact390@example.com,HR Business Partner,Pharma,Cologne,2025-03-25,6,1290
C0391,Contact 391,contact391@example.com,Consultant,Logistics,Hamburg,2024-08-03,6,490
C0392,Contact 392,contact392@example.com,L&D Manager,Logistics,Stuttgart,2026-04-04,5,890
C0393,Contact 393,contact393@example.com,Director,Retail,Hanover,2025-12-19,9,890
C0394,Contact 394,contact394@example.com,HR Manager,Management Consulting,Frankfurt,2025-12-16,11,299
C0395,Contact 395,contact395@example.com,HR Business Partner,Pharma,Hanover,2025-02-22,2,1290
C0396,Contact 396,contact396@example.com,HR Business Partner,Automotive,Hanover,2026-03-06,8,990
C0397,Contact 397,contact397@example.com,HR Business Partner,Management Consulting,Dortmund,2025-03-26,9,650
C0398,Contact 398,contact398@example.com,Team Lead,IT & Software,Berlin,2026-04-01,1,790
C0399,Contact 399,contact399@example.com,L&D Manager,Finance,Stuttgart,2026-06-20,6,890
C0400,Contact 400,contact400@example.com,HR Business Partner,IT & Software,Frankfurt,2025-11-22,9,1290
C0401,Contact 401,contact401@example.com,Project Manager,Human Resources,Munich,2025-12-04,8,990
C0402,Contact 402,contact402@example.com,Director,Finance,Munich,2024-12-22,10,1290
C0403,Contact 403,contact403@example.com,Director,Human Resources,Dortmund,2024-11-24,9,890
C0404,Contact 404,contact404@example.com,HR Manager,Management Consulting,Munich,2024-11-15,6,1100
C0405,Contact 405,contact405@example.com,Team Lead,Pharma,Hamburg,2025-04-18,4,1290
C0406,Contact 406,contact406@example.com,HR Business Partner,Management Consulting,Cologne,2025-10-17,4,299
C0407,Contact 407,contact407@example.com,Supply Chain Manager,Management Consulting,Munich,2024-09-22,5,990
C0408,Contact 408,contact408@example.com,Trainer,Finance,Cologne,2025-07-14,4,990
C0409,Contact 409,contact409@example.com,Operations Manager,Management Consulting,Cologne,2025-08-22,1,890
C0410,Contact 410,contact410@example.com,Project Manager,Retail,Cologne,2024-07-21,4,1100
C0411,Contact 411,contact411@example.com,HR Business Partner,Manufacturing,Hamburg,2026-05-29,2,299
C0412,Contact 412,contact412@example.com,Consultant,Pharma,Hamburg,2025-01-27,7,1100
C0413,Contact 413,contact413@example.com,Operations Manager,Finance,Frankfurt,2026-04-26,8,1100
C0414,Contact 414,contact414@example.com,Project Manager,Automotive,Dortmund,2026-06-07,2,1100
C0415,Contact 415,contact415@example.com,Consultant,Management Consulting,Stuttgart,2024-10-09,8,1290
C0416,Contact 416,contact416@example.com,Project Manager,Logistics,Cologne,2026-05-20,7,650
C0417,Contact 417,contact417@example.com,Director,IT & Software,Frankfurt,2024-07-22,3,790
C0418,Contact 418,contact418@example.com,HR Business Partner,Finance,Munich,2026-01-05,4,299
C0419,Contact 419,contact419@example.com,Director,Education & Training,Dortmund,2026-05-02,2,299
C0420,Contact 420,contact420@example.com,Consultant,Finance,Dortmund,2024-10-11,8,790
C0421,Contact 421,contact421@example.com,Trainer,Finance,Berlin,2026-05-06,5,299
C0422,Contact 422,contact422@example.com,Operations Manager,Finance,Munich,,0,0
C0423,Contact 423,contact423@example.com,Supply Chain Manager,Retail,Berlin,2025-06-28,7,790
C0424,Contact 424,contact424@example.com,HR Manager,Pharma,Cologne,2026-01-25,7,990
C0425,Contact 425,contact425@example.com,Consultant,Manufacturing,Cologne,2026-01-20,5,1100
C0426,Contact 426,contact426@example.com,Operations Manager,Pharma,Frankfurt,2025-07-01,4,490
C0427,Contact 427,contact427@example.com,Supply Chain Manager,Human Resources,Berlin,2025-04-25,10,650
C0428,Contact 428,contact428@example.com,Trainer,Education & Training,Dortmund,2024-09-24,8,490
C0429,Contact 429,contact429@example.com,Director,Logistics,Stuttgart,2025-08-02,5,890
C0430,Contact 430,contact430@example.com,Project Manager,Human Resources,Hanover,2025-02-15,7,650
C0431,Contact 431,contact431@example.com,Trainer,Automotive,Frankfurt,2026-04-13,9,650
C0432,Contact 432,contact432@example.com,HR Manager,Human Resources,Frankfurt,2025-04-14,5,790
C0433,Contact 433,contact433@example.com,Operations Manager,Pharma,Cologne,2024-11-23,2,1100
C0434,Contact 434,contact434@example.com,Director,IT & Software,Stuttgart,2025-04-12,6,790
C0435,Contact 435,contact435@example.com,Supply Chain Manager,Manufacturing,Dortmund,2026-04-27,2,890
C0436,Contact 436,contact436@example.com,Consultant,Pharma,Berlin,2025-06-11,10,1290
C0437,Contact 437,contact437@example.com,Operations Manager,Automotive,Hanover,2024-08-01,11,790
C0438,Contact 438,contact438@example.com,Project Manager,Management Consulting,Frankfurt,,0,0
C0439,Contact 439,contact439@example.com,Project Manager,Automotive,Hanover,2026-02-05,1,890
C0440,Contact 440,contact440@example.com,Team Lead,IT & Software,Berlin,2024-08-11,11,990
C0441,Contact 441,contact441@example.com,L&D Manager,Education & Training,Cologne,2025-04-05,3,299
C0442,Contact 442,contact442@example.com,HR Manager,Human Resources,Stuttgart,2025-08-04,5,650
C0443,Contact 443,contact443@example.com,Trainer,Pharma,Hanover,2024-07-31,4,790
C0444,Contact 444,contact444@example.com,Director,Pharma,Hanover,2024-08-21,9,490
C0445,Contact 445,contact445@example.com,Project Manager,Automotive,Frankfurt,2026-06-23,7,1100
C0446,Contact 446,contact446@example.com,HR Manager,Human Resources,Frankfurt,2026-07-12,11,990
C0447,Contact 447,contact447@example.com,Project Manager,Logistics,Hamburg,2025-02-04,9,990
C0448,Contact 448,contact448@example.com,HR Manager,Management Consulting,Munich,2025-04-15,9,299
C0449,Contact 449,contact449@example.com,Trainer,Human Resources,Hamburg,2025-04-03,6,1100
C0450,Contact 450,contact450@example.com,L&D Manager,Management Consulting,Hamburg,2025-10-12,7,299
C0451,Contact 451,contact451@example.com,Trainer,Manufacturing,Dortmund,,0,0
C0452,Contact 452,contact452@example.com,Project Manager,Pharma,Cologne,,0,0
C0453,Contact 453,contact453@example.com,Consultant,IT & Software,Frankfurt,2026-01-01,9,990
C0454,Contact 454,contact454@example.com,Director,Retail,Frankfurt,2026-01-13,5,490
C0455,Contact 455,contact455@example.com,L&D Manager,Logistics,Hanover,2025-12-06,8,990
C0456,Contact 456,contact456@example.com,HR Business Partner,IT & Software,Berlin,2025-03-08,8,299
C0457,Contact 457,contact457@example.com,Team Lead,Automotive,Cologne,2025-11-22,7,299
C0458,Contact 458,contact458@example.com,HR Manager,Automotive,Munich,2025-01-20,6,490
C0459,Contact 459,contact459@example.com,Consultant,Finance,Frankfurt,2024-09-03,9,299
C0460,Contact 460,contact460@example.com,Director,Education & Training,Dortmund,2026-05-11,11,990
C0461,Contact 461,contact461@example.com,Consultant,Manufacturing,Cologne,2026-06-04,11,890
C0462,Contact 462,contact462@example.com,Team Lead,Automotive,Frankfurt,2025-06-25,1,890
C0463,Contact 463,contact463@example.com,Consultant,Management Consulting,Hamburg,2026-03-03,9,1290
C0464,Contact 464,contact464@example.com,Project Manager,Automotive,Stuttgart,2026-03-14,3,650
C0465,Contact 465,contact465@example.com,L&D Manager,Automotive,Stuttgart,2026-02-12,6,990
C0466,Contact 466,contact466@example.com,Supply Chain Manager,Pharma,Dortmund,2024-07-19,3,490
C0467,Contact 467,contact467@example.com,HR Business Partner,Manufacturing,Hanover,,0,0
C0468,Contact 468,contact468@example.com,HR Manager,Manufacturing,Frankfurt,2026-01-14,6,990
C0469,Contact 469,contact469@example.com,Supply Chain Manager,Logistics,Cologne,2024-11-14,11,890
C0470,Contact 470,contact470@example.com,L&D Manager,Automotive,Munich,2026-03-13,6,299
C0471,Contact 471,contact471@example.com,Project Manager,Pharma,Berlin,2025-08-16,8,1100
C0472,Contact 472,contact472@example.com,HR Manager,Human Resources,Munich,2026-06-15,1,490
C0473,Contact 473,contact473@example.com,Trainer,IT & Software,Berlin,2026-05-17,2,790
C0474,Contact 474,contact474@example.com,Project Manager,Finance,Frankfurt,,0,0
C0475,Contact 475,contact475@example.com,HR Manager,Human Resources,Berlin,2024-11-04,3,890
C0476,Contact 476,contact476@example.com,Team Lead,Human Resources,Frankfurt,2026-02-17,5,790
C0477,Contact 477,contact477@example.com,Trainer,IT & Software,Stuttgart,2025-01-04,8,1290
C0478,Contact 478,contact478@example.com,Director,Automotive,Munich,2026-04-25,5,490
C0479,Contact 479,contact479@example.com,Team Lead,Logistics,Hamburg,2025-09-29,9,650
C0480,Contact 480,contact480@example.com,Supply Chain Manager,Automotive,Munich,2025-01-11,9,299
C0481,Contact 481,contact481@example.com,HR Manager,Human Resources,Munich,,0,0
C0482,Contact 482,contact482@example.com,HR Business Partner,Education & Training,Munich,2026-03-12,8,1100
C0483,Contact 483,contact483@example.com,Team Lead,Management Consulting,Hamburg,,0,0
C0484,Contact 484,contact484@example.com,Operations Manager,Education & Training,Stuttgart,,0,0
C0485,Contact 485,contact485@example.com,Consultant,Logistics,Frankfurt,2025-12-02,1,1290
C0486,Contact 486,contact486@example.com,Consultant,Finance,Cologne,2024-12-11,4,890
C0487,Contact 487,contact487@example.com,Operations Manager,Human Resources,Stuttgart,2025-08-31,5,1100
C0488,Contact 488,contact488@example.com,Director,Pharma,Hanover,2025-03-25,1,890
C0489,Contact 489,contact489@example.com,Trainer,Education & Training,Frankfurt,2025-06-28,1,990
C0490,Contact 490,contact490@example.com,HR Manager,Logistics,Dortmund,2026-05-15,8,299
C0491,Contact 491,contact491@example.com,Team Lead,Manufacturing,Stuttgart,2025-08-13,7,299
C0492,Contact 492,contact492@example.com,HR Manager,Retail,Hamburg,2026-05-09,6,890
C0493,Contact 493,contact493@example.com,Trainer,IT & Software,Cologne,2025-02-12,4,990
C0494,Contact 494,contact494@example.com,L&D Manager,Management Consulting,Frankfurt,2024-10-07,4,1290
C0495,Contact 495,contact495@example.com,Supply Chain Manager,Manufacturing,Cologne,2026-05-24,6,490
C0496,Contact 496,contact496@example.com,HR Manager,Human Resources,Stuttgart,2025-10-08,11,1100
C0497,Contact 497,contact497@example.com,Team Lead,Retail,Hanover,,0,0
C0498,Contact 498,contact498@example.com,HR Business Partner,Management Consulting,Stuttgart,2026-03-15,10,990
C0499,Contact 499,contact499@example.com,Consultant,Manufacturing,Berlin,2024-12-01,11,990
C0500,Contact 500,contact500@example.com,Supply Chain Manager,Education & Training,Hamburg,2025-03-21,1,490
